[{"sensorID":"t","value":28.58,"timestamp":"2015-12-13T00:21:33.501Z"},{"sensorID":"h","value":34,"timestamp":"2015-12-13T00:21:33.554Z"},{"sensorID":"p","value":98609,"timestamp":"2015-12-13T00:21:33.601Z"},{"sensorID":"ch4","value":335,"timestamp":"2015-12-13T00:21:33.647Z"},{"sensorID":"lpg","value":188,"timestamp":"2015-12-13T00:21:33.691Z"},{"sensorID":"co","value":290,"timestamp":"2015-12-13T00:21:33.733Z"},{"sensorID":"lux","value":147,"timestamp":"2015-12-13T00:21:33.775Z"},{"sensorID":"t","value":28.71,"timestamp":"2015-12-13T00:22:03.574Z"},{"sensorID":"h","value":33,"timestamp":"2015-12-13T00:22:03.638Z"},{"sensorID":"p","value":98604,"timestamp":"2015-12-13T00:22:03.704Z"},{"sensorID":"ch4","value":332,"timestamp":"2015-12-13T00:22:03.759Z"},{"sensorID":"lpg","value":185,"timestamp":"2015-12-13T00:22:03.826Z"},{"sensorID":"co","value":261,"timestamp":"2015-12-13T00:22:03.913Z"},{"sensorID":"lux","value":147,"timestamp":"2015-12-13T00:22:03.977Z"},{"sensorID":"t","value":28.83,"timestamp":"2015-12-13T00:22:33.589Z"},{"sensorID":"h","value":33,"timestamp":"2015-12-13T00:22:33.634Z"},{"sensorID":"p","value":98610,"timestamp":"2015-12-13T00:22:33.684Z"},{"sensorID":"ch4","value":329,"timestamp":"2015-12-13T00:22:33.732Z"},{"sensorID":"lpg","value":182,"timestamp":"2015-12-13T00:22:33.782Z"},{"sensorID":"co","value":283,"timestamp":"2015-12-13T00:22:33.829Z"},{"sensorID":"lux","value":147,"timestamp":"2015-12-13T00:22:33.876Z"},{"sensorID":"t","value":28.87,"timestamp":"2015-12-13T00:23:03.647Z"},{"sensorID":"h","value":33,"timestamp":"2015-12-13T00:23:03.699Z"},{"sensorID":"p","value":98618,"timestamp":"2015-12-13T00:23:03.756Z"},{"sensorID":"ch4","value":326,"timestamp":"2015-12-13T00:23:03.810Z"},{"sensorID":"lpg","value":180,"timestamp":"2015-12-13T00:23:03.867Z"},{"sensorID":"co","value":282,"timestamp":"2015-12-13T00:23:03.921Z"},{"sensorID":"lux","value":125,"timestamp":"2015-12-13T00:23:03.981Z"},{"sensorID":"t","value":28.91,"timestamp":"2015-12-13T00:23:33.705Z"},{"sensorID":"h","value":33,"timestamp":"2015-12-13T00:23:33.754Z"},{"sensorID":"p","value":98606,"timestamp":"2015-12-13T00:23:33.801Z"},{"sensorID":"ch4","value":327,"timestamp":"2015-12-13T00:23:33.847Z"},{"sensorID":"lpg","value":180,"timestamp":"2015-12-13T00:23:33.893Z"},{"sensorID":"co","value":282,"timestamp":"2015-12-13T00:23:33.935Z"},{"sensorID":"lux","value":124,"timestamp":"2015-12-13T00:23:33.976Z"},{"sensorID":"t","value":28.83,"timestamp":"2015-12-13T00:24:03.772Z"},{"sensorID":"h","value":34,"timestamp":"2015-12-13T00:24:03.825Z"},{"sensorID":"p","value":98621,"timestamp":"2015-12-13T00:24:03.881Z"},{"sensorID":"ch4","value":298,"timestamp":"2015-12-13T00:24:03.934Z"},{"sensorID":"lpg","value":153,"timestamp":"2015-12-13T00:24:03.997Z"},{"sensorID":"co","value":265,"timestamp":"2015-12-13T00:24:04.052Z"},{"sensorID":"lux","value":121,"timestamp":"2015-12-13T00:24:04.113Z"},{"sensorID":"t","value":28.83,"timestamp":"2015-12-13T00:24:33.801Z"},{"sensorID":"h","value":33,"timestamp":"2015-12-13T00:24:33.853Z"},{"sensorID":"p","value":98611,"timestamp":"2015-12-13T00:24:33.903Z"},{"sensorID":"ch4","value":316,"timestamp":"2015-12-13T00:24:33.949Z"},{"sensorID":"lpg","value":168,"timestamp":"2015-12-13T00:24:33.995Z"},{"sensorID":"co","value":273,"timestamp":"2015-12-13T00:24:34.057Z"},{"sensorID":"lux","value":146,"timestamp":"2015-12-13T00:24:34.105Z"},{"sensorID":"t","value":28.64,"timestamp":"2015-12-13T00:25:03.842Z"},{"sensorID":"h","value":33,"timestamp":"2015-12-13T00:25:03.919Z"},{"sensorID":"p","value":98614,"timestamp":"2015-12-13T00:25:03.993Z"},{"sensorID":"ch4","value":325,"timestamp":"2015-12-13T00:25:04.066Z"},{"sensorID":"lpg","value":163,"timestamp":"2015-12-13T00:25:04.135Z"},{"sensorID":"co","value":274,"timestamp":"2015-12-13T00:25:04.189Z"},{"sensorID":"lux","value":142,"timestamp":"2015-12-13T00:25:04.238Z"},{"sensorID":"t","value":28.65,"timestamp":"2015-12-13T00:25:33.909Z"},{"sensorID":"h","value":34,"timestamp":"2015-12-13T00:25:33.959Z"},{"sensorID":"p","value":98612,"timestamp":"2015-12-13T00:25:34.005Z"},{"sensorID":"ch4","value":334,"timestamp":"2015-12-13T00:25:34.052Z"},{"sensorID":"lpg","value":167,"timestamp":"2015-12-13T00:25:34.098Z"},{"sensorID":"co","value":278,"timestamp":"2015-12-13T00:25:34.149Z"},{"sensorID":"lux","value":129,"timestamp":"2015-12-13T00:25:34.196Z"},{"sensorID":"t","value":28.56,"timestamp":"2015-12-13T00:26:03.974Z"},{"sensorID":"h","value":34,"timestamp":"2015-12-13T00:26:04.042Z"},{"sensorID":"p","value":98613,"timestamp":"2015-12-13T00:26:04.108Z"},{"sensorID":"ch4","value":326,"timestamp":"2015-12-13T00:26:04.162Z"},{"sensorID":"lpg","value":154,"timestamp":"2015-12-13T00:26:04.219Z"},{"sensorID":"co","value":266,"timestamp":"2015-12-13T00:26:04.276Z"},{"sensorID":"lux","value":142,"timestamp":"2015-12-13T00:26:04.328Z"},{"sensorID":"t","value":28.57,"timestamp":"2015-12-13T00:26:33.991Z"},{"sensorID":"h","value":34,"timestamp":"2015-12-13T00:26:34.039Z"},{"sensorID":"p","value":98612,"timestamp":"2015-12-13T00:26:34.089Z"},{"sensorID":"ch4","value":251,"timestamp":"2015-12-13T00:26:34.139Z"},{"sensorID":"lpg","value":132,"timestamp":"2015-12-13T00:26:34.185Z"},{"sensorID":"co","value":212,"timestamp":"2015-12-13T00:26:34.230Z"},{"sensorID":"lux","value":136,"timestamp":"2015-12-13T00:26:34.277Z"},{"sensorID":"t","value":28.64,"timestamp":"2015-12-13T00:27:04.060Z"},{"sensorID":"h","value":34,"timestamp":"2015-12-13T00:27:04.114Z"},{"sensorID":"p","value":98605,"timestamp":"2015-12-13T00:27:04.168Z"},{"sensorID":"ch4","value":289,"timestamp":"2015-12-13T00:27:04.225Z"},{"sensorID":"lpg","value":160,"timestamp":"2015-12-13T00:27:04.281Z"},{"sensorID":"co","value":262,"timestamp":"2015-12-13T00:27:04.340Z"},{"sensorID":"lux","value":81,"timestamp":"2015-12-13T00:27:04.394Z"},{"sensorID":"t","value":28.74,"timestamp":"2015-12-13T00:27:34.109Z"},{"sensorID":"h","value":33,"timestamp":"2015-12-13T00:27:34.156Z"},{"sensorID":"p","value":98608,"timestamp":"2015-12-13T00:27:34.205Z"},{"sensorID":"ch4","value":286,"timestamp":"2015-12-13T00:27:34.252Z"},{"sensorID":"lpg","value":155,"timestamp":"2015-12-13T00:27:34.301Z"},{"sensorID":"co","value":260,"timestamp":"2015-12-13T00:27:34.351Z"},{"sensorID":"lux","value":118,"timestamp":"2015-12-13T00:27:34.401Z"},{"sensorID":"t","value":28.86,"timestamp":"2015-12-13T00:28:04.148Z"},{"sensorID":"h","value":34,"timestamp":"2015-12-13T00:28:04.196Z"},{"sensorID":"p","value":98610,"timestamp":"2015-12-13T00:28:04.244Z"},{"sensorID":"ch4","value":312,"timestamp":"2015-12-13T00:28:04.294Z"},{"sensorID":"lpg","value":168,"timestamp":"2015-12-13T00:28:04.344Z"},{"sensorID":"co","value":279,"timestamp":"2015-12-13T00:28:04.397Z"},{"sensorID":"lux","value":145,"timestamp":"2015-12-13T00:28:04.447Z"},{"sensorID":"t","value":28.8,"timestamp":"2015-12-13T00:28:34.212Z"},{"sensorID":"h","value":33,"timestamp":"2015-12-13T00:28:34.260Z"},{"sensorID":"p","value":98619,"timestamp":"2015-12-13T00:28:34.306Z"},{"sensorID":"ch4","value":312,"timestamp":"2015-12-13T00:28:34.350Z"},{"sensorID":"lpg","value":169,"timestamp":"2015-12-13T00:28:34.390Z"},{"sensorID":"co","value":274,"timestamp":"2015-12-13T00:28:34.430Z"},{"sensorID":"lux","value":156,"timestamp":"2015-12-13T00:28:34.472Z"},{"sensorID":"t","value":28.65,"timestamp":"2015-12-13T00:29:04.266Z"},{"sensorID":"h","value":34,"timestamp":"2015-12-13T00:29:04.326Z"},{"sensorID":"p","value":98618,"timestamp":"2015-12-13T00:29:04.382Z"},{"sensorID":"ch4","value":319,"timestamp":"2015-12-13T00:29:04.438Z"},{"sensorID":"lpg","value":176,"timestamp":"2015-12-13T00:29:04.503Z"},{"sensorID":"co","value":275,"timestamp":"2015-12-13T00:29:04.556Z"},{"sensorID":"lux","value":148,"timestamp":"2015-12-13T00:29:04.609Z"},{"sensorID":"t","value":28.7,"timestamp":"2015-12-13T00:29:34.316Z"},{"sensorID":"h","value":34,"timestamp":"2015-12-13T00:29:34.362Z"},{"sensorID":"p","value":98611,"timestamp":"2015-12-13T00:29:34.418Z"},{"sensorID":"ch4","value":319,"timestamp":"2015-12-13T00:29:34.468Z"},{"sensorID":"lpg","value":174,"timestamp":"2015-12-13T00:29:34.516Z"},{"sensorID":"co","value":272,"timestamp":"2015-12-13T00:29:34.562Z"},{"sensorID":"lux","value":92,"timestamp":"2015-12-13T00:29:34.613Z"},{"sensorID":"t","value":28.7,"timestamp":"2015-12-13T00:30:04.370Z"},{"sensorID":"h","value":33,"timestamp":"2015-12-13T00:30:04.429Z"},{"sensorID":"p","value":98616,"timestamp":"2015-12-13T00:30:04.491Z"},{"sensorID":"ch4","value":319,"timestamp":"2015-12-13T00:30:04.542Z"},{"sensorID":"lpg","value":173,"timestamp":"2015-12-13T00:30:04.595Z"},{"sensorID":"co","value":270,"timestamp":"2015-12-13T00:30:04.644Z"},{"sensorID":"lux","value":162,"timestamp":"2015-12-13T00:30:04.695Z"},{"sensorID":"t","value":28.65,"timestamp":"2015-12-13T00:30:34.416Z"},{"sensorID":"h","value":33,"timestamp":"2015-12-13T00:30:34.466Z"},{"sensorID":"p","value":98607,"timestamp":"2015-12-13T00:30:34.528Z"},{"sensorID":"ch4","value":324,"timestamp":"2015-12-13T00:30:34.580Z"},{"sensorID":"lpg","value":176,"timestamp":"2015-12-13T00:30:34.633Z"},{"sensorID":"co","value":226,"timestamp":"2015-12-13T00:30:34.683Z"},{"sensorID":"lux","value":83,"timestamp":"2015-12-13T00:30:34.730Z"},{"sensorID":"t","value":28.84,"timestamp":"2015-12-13T00:31:04.534Z"},{"sensorID":"h","value":33,"timestamp":"2015-12-13T00:31:04.600Z"},{"sensorID":"p","value":98609,"timestamp":"2015-12-13T00:31:04.653Z"},{"sensorID":"ch4","value":329,"timestamp":"2015-12-13T00:31:04.746Z"},{"sensorID":"lpg","value":182,"timestamp":"2015-12-13T00:31:04.799Z"},{"sensorID":"co","value":249,"timestamp":"2015-12-13T00:31:04.858Z"},{"sensorID":"lux","value":79,"timestamp":"2015-12-13T00:31:04.913Z"},{"sensorID":"t","value":28.89,"timestamp":"2015-12-13T00:31:34.501Z"},{"sensorID":"h","value":33,"timestamp":"2015-12-13T00:31:34.552Z"},{"sensorID":"p","value":98610,"timestamp":"2015-12-13T00:31:34.601Z"},{"sensorID":"ch4","value":331,"timestamp":"2015-12-13T00:31:34.650Z"},{"sensorID":"lpg","value":180,"timestamp":"2015-12-13T00:31:34.698Z"},{"sensorID":"co","value":232,"timestamp":"2015-12-13T00:31:34.744Z"},{"sensorID":"lux","value":88,"timestamp":"2015-12-13T00:31:34.792Z"},{"sensorID":"t","value":28.97,"timestamp":"2015-12-13T00:32:04.571Z"},{"sensorID":"h","value":34,"timestamp":"2015-12-13T00:32:04.644Z"},{"sensorID":"p","value":98619,"timestamp":"2015-12-13T00:32:04.696Z"},{"sensorID":"ch4","value":442,"timestamp":"2015-12-13T00:32:04.753Z"},{"sensorID":"lpg","value":235,"timestamp":"2015-12-13T00:32:04.807Z"},{"sensorID":"co","value":205,"timestamp":"2015-12-13T00:32:04.855Z"},{"sensorID":"lux","value":50,"timestamp":"2015-12-13T00:32:04.905Z"},{"sensorID":"t","value":28.98,"timestamp":"2015-12-13T00:32:34.603Z"},{"sensorID":"h","value":33,"timestamp":"2015-12-13T00:32:34.650Z"},{"sensorID":"p","value":98610,"timestamp":"2015-12-13T00:32:34.697Z"},{"sensorID":"ch4","value":408,"timestamp":"2015-12-13T00:32:34.743Z"},{"sensorID":"lpg","value":244,"timestamp":"2015-12-13T00:32:34.789Z"},{"sensorID":"co","value":226,"timestamp":"2015-12-13T00:32:34.830Z"},{"sensorID":"lux","value":108,"timestamp":"2015-12-13T00:32:34.883Z"},{"sensorID":"t","value":29,"timestamp":"2015-12-13T00:33:04.654Z"},{"sensorID":"h","value":33,"timestamp":"2015-12-13T00:33:04.707Z"},{"sensorID":"p","value":98608,"timestamp":"2015-12-13T00:33:04.756Z"},{"sensorID":"ch4","value":366,"timestamp":"2015-12-13T00:33:04.818Z"},{"sensorID":"lpg","value":231,"timestamp":"2015-12-13T00:33:04.871Z"},{"sensorID":"co","value":221,"timestamp":"2015-12-13T00:33:04.936Z"},{"sensorID":"lux","value":122,"timestamp":"2015-12-13T00:33:04.988Z"},{"sensorID":"t","value":28.9,"timestamp":"2015-12-13T00:33:34.718Z"},{"sensorID":"h","value":33,"timestamp":"2015-12-13T00:33:34.763Z"},{"sensorID":"p","value":98623,"timestamp":"2015-12-13T00:33:34.811Z"},{"sensorID":"ch4","value":397,"timestamp":"2015-12-13T00:33:34.863Z"},{"sensorID":"lpg","value":231,"timestamp":"2015-12-13T00:33:34.910Z"},{"sensorID":"co","value":238,"timestamp":"2015-12-13T00:33:34.956Z"},{"sensorID":"lux","value":112,"timestamp":"2015-12-13T00:33:35.016Z"},{"sensorID":"t","value":28.79,"timestamp":"2015-12-13T00:34:04.759Z"},{"sensorID":"h","value":33,"timestamp":"2015-12-13T00:34:04.807Z"},{"sensorID":"p","value":98625,"timestamp":"2015-12-13T00:34:04.856Z"},{"sensorID":"ch4","value":354,"timestamp":"2015-12-13T00:34:04.906Z"},{"sensorID":"lpg","value":190,"timestamp":"2015-12-13T00:34:04.955Z"},{"sensorID":"co","value":176,"timestamp":"2015-12-13T00:34:05.005Z"},{"sensorID":"lux","value":121,"timestamp":"2015-12-13T00:34:05.074Z"},{"sensorID":"t","value":28.78,"timestamp":"2015-12-13T00:34:34.810Z"},{"sensorID":"h","value":33,"timestamp":"2015-12-13T00:34:34.857Z"},{"sensorID":"p","value":98623,"timestamp":"2015-12-13T00:34:34.902Z"},{"sensorID":"ch4","value":318,"timestamp":"2015-12-13T00:34:34.946Z"},{"sensorID":"lpg","value":157,"timestamp":"2015-12-13T00:34:34.988Z"},{"sensorID":"co","value":162,"timestamp":"2015-12-13T00:34:35.043Z"},{"sensorID":"lux","value":96,"timestamp":"2015-12-13T00:34:35.084Z"},{"sensorID":"t","value":28.95,"timestamp":"2015-12-13T00:35:04.894Z"},{"sensorID":"h","value":33,"timestamp":"2015-12-13T00:35:04.959Z"},{"sensorID":"p","value":98623,"timestamp":"2015-12-13T00:35:05.027Z"},{"sensorID":"ch4","value":322,"timestamp":"2015-12-13T00:35:05.085Z"},{"sensorID":"lpg","value":161,"timestamp":"2015-12-13T00:35:05.137Z"},{"sensorID":"co","value":166,"timestamp":"2015-12-13T00:35:05.196Z"},{"sensorID":"lux","value":93,"timestamp":"2015-12-13T00:35:05.281Z"},{"sensorID":"t","value":28.97,"timestamp":"2015-12-13T00:35:34.911Z"},{"sensorID":"h","value":33,"timestamp":"2015-12-13T00:35:34.962Z"},{"sensorID":"p","value":98618,"timestamp":"2015-12-13T00:35:35.014Z"},{"sensorID":"ch4","value":399,"timestamp":"2015-12-13T00:35:35.068Z"},{"sensorID":"lpg","value":238,"timestamp":"2015-12-13T00:35:35.117Z"},{"sensorID":"co","value":234,"timestamp":"2015-12-13T00:35:35.164Z"},{"sensorID":"lux","value":79,"timestamp":"2015-12-13T00:35:35.210Z"},{"sensorID":"t","value":28.97,"timestamp":"2015-12-13T00:36:05.016Z"},{"sensorID":"h","value":33,"timestamp":"2015-12-13T00:36:05.083Z"},{"sensorID":"p","value":98631,"timestamp":"2015-12-13T00:36:05.133Z"},{"sensorID":"ch4","value":387,"timestamp":"2015-12-13T00:36:05.182Z"},{"sensorID":"lpg","value":222,"timestamp":"2015-12-13T00:36:05.239Z"},{"sensorID":"co","value":214,"timestamp":"2015-12-13T00:36:05.306Z"},{"sensorID":"lux","value":97,"timestamp":"2015-12-13T00:36:05.371Z"},{"sensorID":"t","value":28.91,"timestamp":"2015-12-13T00:36:35.012Z"},{"sensorID":"h","value":33,"timestamp":"2015-12-13T00:36:35.060Z"},{"sensorID":"p","value":98626,"timestamp":"2015-12-13T00:36:35.107Z"},{"sensorID":"ch4","value":376,"timestamp":"2015-12-13T00:36:35.151Z"},{"sensorID":"lpg","value":210,"timestamp":"2015-12-13T00:36:35.193Z"},{"sensorID":"co","value":205,"timestamp":"2015-12-13T00:36:35.234Z"},{"sensorID":"lux","value":94,"timestamp":"2015-12-13T00:36:35.281Z"},{"sensorID":"t","value":28.79,"timestamp":"2015-12-13T00:37:05.084Z"},{"sensorID":"h","value":33,"timestamp":"2015-12-13T00:37:05.160Z"},{"sensorID":"p","value":98625,"timestamp":"2015-12-13T00:37:05.223Z"},{"sensorID":"ch4","value":398,"timestamp":"2015-12-13T00:37:05.274Z"},{"sensorID":"lpg","value":236,"timestamp":"2015-12-13T00:37:05.338Z"},{"sensorID":"co","value":223,"timestamp":"2015-12-13T00:37:05.423Z"},{"sensorID":"lux","value":90,"timestamp":"2015-12-13T00:37:05.479Z"},{"sensorID":"t","value":28.87,"timestamp":"2015-12-13T00:37:35.114Z"},{"sensorID":"h","value":34,"timestamp":"2015-12-13T00:37:35.159Z"},{"sensorID":"p","value":98634,"timestamp":"2015-12-13T00:37:35.205Z"},{"sensorID":"ch4","value":400,"timestamp":"2015-12-13T00:37:35.249Z"},{"sensorID":"lpg","value":239,"timestamp":"2015-12-13T00:37:35.290Z"},{"sensorID":"co","value":221,"timestamp":"2015-12-13T00:37:35.329Z"},{"sensorID":"lux","value":67,"timestamp":"2015-12-13T00:37:35.371Z"},{"sensorID":"t","value":29.06,"timestamp":"2015-12-13T00:38:05.168Z"},{"sensorID":"h","value":33,"timestamp":"2015-12-13T00:38:05.217Z"},{"sensorID":"p","value":98622,"timestamp":"2015-12-13T00:38:05.276Z"},{"sensorID":"ch4","value":391,"timestamp":"2015-12-13T00:38:05.327Z"},{"sensorID":"lpg","value":232,"timestamp":"2015-12-13T00:38:05.392Z"},{"sensorID":"co","value":227,"timestamp":"2015-12-13T00:38:05.442Z"},{"sensorID":"lux","value":78,"timestamp":"2015-12-13T00:38:05.497Z"},{"sensorID":"t","value":29.18,"timestamp":"2015-12-13T00:38:35.253Z"},{"sensorID":"h","value":33,"timestamp":"2015-12-13T00:38:35.299Z"},{"sensorID":"p","value":98632,"timestamp":"2015-12-13T00:38:35.346Z"},{"sensorID":"ch4","value":372,"timestamp":"2015-12-13T00:38:35.393Z"},{"sensorID":"lpg","value":193,"timestamp":"2015-12-13T00:38:35.439Z"},{"sensorID":"co","value":207,"timestamp":"2015-12-13T00:38:35.479Z"},{"sensorID":"lux","value":74,"timestamp":"2015-12-13T00:38:35.518Z"},{"sensorID":"t","value":29.29,"timestamp":"2015-12-13T00:39:05.287Z"},{"sensorID":"h","value":32,"timestamp":"2015-12-13T00:39:05.338Z"},{"sensorID":"p","value":98610,"timestamp":"2015-12-13T00:39:05.406Z"},{"sensorID":"ch4","value":347,"timestamp":"2015-12-13T00:39:05.455Z"},{"sensorID":"lpg","value":209,"timestamp":"2015-12-13T00:39:05.505Z"},{"sensorID":"co","value":220,"timestamp":"2015-12-13T00:39:05.572Z"},{"sensorID":"lux","value":100,"timestamp":"2015-12-13T00:39:05.620Z"},{"sensorID":"t","value":29.16,"timestamp":"2015-12-13T00:39:35.316Z"},{"sensorID":"h","value":32,"timestamp":"2015-12-13T00:39:35.362Z"},{"sensorID":"p","value":98628,"timestamp":"2015-12-13T00:39:35.413Z"},{"sensorID":"ch4","value":337,"timestamp":"2015-12-13T00:39:35.459Z"},{"sensorID":"lpg","value":212,"timestamp":"2015-12-13T00:39:35.506Z"},{"sensorID":"co","value":221,"timestamp":"2015-12-13T00:39:35.547Z"},{"sensorID":"lux","value":149,"timestamp":"2015-12-13T00:39:35.588Z"},{"sensorID":"t","value":29.04,"timestamp":"2015-12-13T00:40:05.386Z"},{"sensorID":"h","value":32,"timestamp":"2015-12-13T00:40:05.445Z"},{"sensorID":"p","value":98618,"timestamp":"2015-12-13T00:40:05.502Z"},{"sensorID":"ch4","value":324,"timestamp":"2015-12-13T00:40:05.565Z"},{"sensorID":"lpg","value":192,"timestamp":"2015-12-13T00:40:05.623Z"},{"sensorID":"co","value":213,"timestamp":"2015-12-13T00:40:05.701Z"},{"sensorID":"lux","value":139,"timestamp":"2015-12-13T00:40:05.765Z"},{"sensorID":"t","value":29.05,"timestamp":"2015-12-13T00:40:35.435Z"},{"sensorID":"h","value":33,"timestamp":"2015-12-13T00:40:35.490Z"},{"sensorID":"p","value":98625,"timestamp":"2015-12-13T00:40:35.537Z"},{"sensorID":"ch4","value":356,"timestamp":"2015-12-13T00:40:35.583Z"},{"sensorID":"lpg","value":195,"timestamp":"2015-12-13T00:40:35.632Z"},{"sensorID":"co","value":222,"timestamp":"2015-12-13T00:40:35.680Z"},{"sensorID":"lux","value":170,"timestamp":"2015-12-13T00:40:35.726Z"},{"sensorID":"t","value":29.03,"timestamp":"2015-12-13T00:41:05.523Z"},{"sensorID":"h","value":32,"timestamp":"2015-12-13T00:41:05.585Z"},{"sensorID":"p","value":98630,"timestamp":"2015-12-13T00:41:05.635Z"},{"sensorID":"ch4","value":396,"timestamp":"2015-12-13T00:41:05.683Z"},{"sensorID":"lpg","value":239,"timestamp":"2015-12-13T00:41:05.734Z"},{"sensorID":"co","value":256,"timestamp":"2015-12-13T00:41:05.790Z"},{"sensorID":"lux","value":169,"timestamp":"2015-12-13T00:41:05.840Z"},{"sensorID":"t","value":29.04,"timestamp":"2015-12-13T00:41:35.538Z"},{"sensorID":"h","value":33,"timestamp":"2015-12-13T00:41:35.589Z"},{"sensorID":"p","value":98629,"timestamp":"2015-12-13T00:41:35.635Z"},{"sensorID":"ch4","value":366,"timestamp":"2015-12-13T00:41:35.684Z"},{"sensorID":"lpg","value":224,"timestamp":"2015-12-13T00:41:35.735Z"},{"sensorID":"co","value":249,"timestamp":"2015-12-13T00:41:35.786Z"},{"sensorID":"lux","value":169,"timestamp":"2015-12-13T00:41:35.837Z"},{"sensorID":"t","value":29.06,"timestamp":"2015-12-13T00:42:05.580Z"},{"sensorID":"h","value":32,"timestamp":"2015-12-13T00:42:05.640Z"},{"sensorID":"p","value":98627,"timestamp":"2015-12-13T00:42:05.692Z"},{"sensorID":"ch4","value":366,"timestamp":"2015-12-13T00:42:05.750Z"},{"sensorID":"lpg","value":218,"timestamp":"2015-12-13T00:42:05.800Z"},{"sensorID":"co","value":246,"timestamp":"2015-12-13T00:42:05.851Z"},{"sensorID":"lux","value":169,"timestamp":"2015-12-13T00:42:05.901Z"},{"sensorID":"t","value":28.95,"timestamp":"2015-12-13T00:42:35.642Z"},{"sensorID":"h","value":32,"timestamp":"2015-12-13T00:42:35.691Z"},{"sensorID":"p","value":98628,"timestamp":"2015-12-13T00:42:35.740Z"},{"sensorID":"ch4","value":369,"timestamp":"2015-12-13T00:42:35.785Z"},{"sensorID":"lpg","value":209,"timestamp":"2015-12-13T00:42:35.836Z"},{"sensorID":"co","value":235,"timestamp":"2015-12-13T00:42:35.890Z"},{"sensorID":"lux","value":147,"timestamp":"2015-12-13T00:42:35.941Z"},{"sensorID":"t","value":28.92,"timestamp":"2015-12-13T00:43:05.703Z"},{"sensorID":"h","value":32,"timestamp":"2015-12-13T00:43:05.761Z"},{"sensorID":"p","value":98628,"timestamp":"2015-12-13T00:43:05.813Z"},{"sensorID":"ch4","value":359,"timestamp":"2015-12-13T00:43:05.866Z"},{"sensorID":"lpg","value":200,"timestamp":"2015-12-13T00:43:05.940Z"},{"sensorID":"co","value":228,"timestamp":"2015-12-13T00:43:05.999Z"},{"sensorID":"lux","value":153,"timestamp":"2015-12-13T00:43:06.056Z"},{"sensorID":"t","value":28.92,"timestamp":"2015-12-13T00:43:35.744Z"},{"sensorID":"h","value":33,"timestamp":"2015-12-13T00:43:35.790Z"},{"sensorID":"p","value":98626,"timestamp":"2015-12-13T00:43:35.835Z"},{"sensorID":"ch4","value":351,"timestamp":"2015-12-13T00:43:35.881Z"},{"sensorID":"lpg","value":192,"timestamp":"2015-12-13T00:43:35.926Z"},{"sensorID":"co","value":222,"timestamp":"2015-12-13T00:43:35.971Z"},{"sensorID":"lux","value":170,"timestamp":"2015-12-13T00:43:36.020Z"},{"sensorID":"t","value":28.89,"timestamp":"2015-12-13T00:44:05.779Z"},{"sensorID":"h","value":33,"timestamp":"2015-12-13T00:44:05.839Z"},{"sensorID":"p","value":98629,"timestamp":"2015-12-13T00:44:05.897Z"},{"sensorID":"ch4","value":334,"timestamp":"2015-12-13T00:44:05.964Z"},{"sensorID":"lpg","value":174,"timestamp":"2015-12-13T00:44:06.015Z"},{"sensorID":"co","value":197,"timestamp":"2015-12-13T00:44:06.069Z"},{"sensorID":"lux","value":149,"timestamp":"2015-12-13T00:44:06.132Z"},{"sensorID":"t","value":28.83,"timestamp":"2015-12-13T00:44:35.830Z"},{"sensorID":"h","value":33,"timestamp":"2015-12-13T00:44:35.876Z"},{"sensorID":"p","value":98637,"timestamp":"2015-12-13T00:44:35.921Z"},{"sensorID":"ch4","value":317,"timestamp":"2015-12-13T00:44:35.968Z"},{"sensorID":"lpg","value":180,"timestamp":"2015-12-13T00:44:36.018Z"},{"sensorID":"co","value":190,"timestamp":"2015-12-13T00:44:36.087Z"},{"sensorID":"lux","value":156,"timestamp":"2015-12-13T00:44:36.134Z"},{"sensorID":"t","value":28.88,"timestamp":"2015-12-13T00:45:06.036Z"},{"sensorID":"h","value":33,"timestamp":"2015-12-13T00:45:06.135Z"},{"sensorID":"p","value":98625,"timestamp":"2015-12-13T00:45:06.200Z"},{"sensorID":"ch4","value":323,"timestamp":"2015-12-13T00:45:06.291Z"},{"sensorID":"lpg","value":166,"timestamp":"2015-12-13T00:45:06.381Z"},{"sensorID":"co","value":200,"timestamp":"2015-12-13T00:45:06.480Z"},{"sensorID":"lux","value":171,"timestamp":"2015-12-13T00:45:06.554Z"},{"sensorID":"t","value":28.96,"timestamp":"2015-12-13T00:45:35.927Z"},{"sensorID":"h","value":33,"timestamp":"2015-12-13T00:45:35.974Z"},{"sensorID":"p","value":98625,"timestamp":"2015-12-13T00:45:36.027Z"},{"sensorID":"ch4","value":314,"timestamp":"2015-12-13T00:45:36.083Z"},{"sensorID":"lpg","value":182,"timestamp":"2015-12-13T00:45:36.130Z"},{"sensorID":"co","value":214,"timestamp":"2015-12-13T00:45:36.176Z"},{"sensorID":"lux","value":170,"timestamp":"2015-12-13T00:45:36.225Z"},{"sensorID":"t","value":28.96,"timestamp":"2015-12-13T00:46:06.005Z"},{"sensorID":"h","value":32,"timestamp":"2015-12-13T00:46:06.052Z"},{"sensorID":"p","value":98624,"timestamp":"2015-12-13T00:46:06.101Z"},{"sensorID":"ch4","value":317,"timestamp":"2015-12-13T00:46:06.148Z"},{"sensorID":"lpg","value":165,"timestamp":"2015-12-13T00:46:06.196Z"},{"sensorID":"co","value":195,"timestamp":"2015-12-13T00:46:06.246Z"},{"sensorID":"lux","value":169,"timestamp":"2015-12-13T00:46:06.293Z"},{"sensorID":"t","value":28.93,"timestamp":"2015-12-13T00:46:36.030Z"},{"sensorID":"h","value":32,"timestamp":"2015-12-13T00:46:36.077Z"},{"sensorID":"p","value":98627,"timestamp":"2015-12-13T00:46:36.123Z"},{"sensorID":"ch4","value":318,"timestamp":"2015-12-13T00:46:36.169Z"},{"sensorID":"lpg","value":165,"timestamp":"2015-12-13T00:46:36.213Z"},{"sensorID":"co","value":195,"timestamp":"2015-12-13T00:46:36.259Z"},{"sensorID":"lux","value":134,"timestamp":"2015-12-13T00:46:36.308Z"},{"sensorID":"t","value":28.86,"timestamp":"2015-12-13T00:47:06.115Z"},{"sensorID":"h","value":33,"timestamp":"2015-12-13T00:47:06.170Z"},{"sensorID":"p","value":98621,"timestamp":"2015-12-13T00:47:06.234Z"},{"sensorID":"ch4","value":320,"timestamp":"2015-12-13T00:47:06.287Z"},{"sensorID":"lpg","value":166,"timestamp":"2015-12-13T00:47:06.337Z"},{"sensorID":"co","value":197,"timestamp":"2015-12-13T00:47:06.401Z"},{"sensorID":"lux","value":125,"timestamp":"2015-12-13T00:47:06.456Z"},{"sensorID":"t","value":28.81,"timestamp":"2015-12-13T00:47:36.146Z"},{"sensorID":"h","value":33,"timestamp":"2015-12-13T00:47:36.193Z"},{"sensorID":"p","value":98623,"timestamp":"2015-12-13T00:47:36.238Z"},{"sensorID":"ch4","value":321,"timestamp":"2015-12-13T00:47:36.286Z"},{"sensorID":"lpg","value":168,"timestamp":"2015-12-13T00:47:36.332Z"},{"sensorID":"co","value":198,"timestamp":"2015-12-13T00:47:36.378Z"},{"sensorID":"lux","value":166,"timestamp":"2015-12-13T00:47:36.425Z"},{"sensorID":"t","value":28.72,"timestamp":"2015-12-13T00:48:06.192Z"},{"sensorID":"h","value":33,"timestamp":"2015-12-13T00:48:06.245Z"},{"sensorID":"p","value":98619,"timestamp":"2015-12-13T00:48:06.300Z"},{"sensorID":"ch4","value":319,"timestamp":"2015-12-13T00:48:06.352Z"},{"sensorID":"lpg","value":167,"timestamp":"2015-12-13T00:48:06.398Z"},{"sensorID":"co","value":197,"timestamp":"2015-12-13T00:48:06.460Z"},{"sensorID":"lux","value":167,"timestamp":"2015-12-13T00:48:06.513Z"},{"sensorID":"t","value":28.67,"timestamp":"2015-12-13T00:48:36.249Z"},{"sensorID":"h","value":33,"timestamp":"2015-12-13T00:48:36.293Z"},{"sensorID":"p","value":98630,"timestamp":"2015-12-13T00:48:36.340Z"},{"sensorID":"ch4","value":322,"timestamp":"2015-12-13T00:48:36.386Z"},{"sensorID":"lpg","value":170,"timestamp":"2015-12-13T00:48:36.431Z"},{"sensorID":"co","value":199,"timestamp":"2015-12-13T00:48:36.477Z"},{"sensorID":"lux","value":160,"timestamp":"2015-12-13T00:48:36.524Z"},{"sensorID":"t","value":28.7,"timestamp":"2015-12-13T00:49:06.287Z"},{"sensorID":"h","value":33,"timestamp":"2015-12-13T00:49:06.350Z"},{"sensorID":"p","value":98627,"timestamp":"2015-12-13T00:49:06.410Z"},{"sensorID":"ch4","value":324,"timestamp":"2015-12-13T00:49:06.469Z"},{"sensorID":"lpg","value":172,"timestamp":"2015-12-13T00:49:06.537Z"},{"sensorID":"co","value":200,"timestamp":"2015-12-13T00:49:06.595Z"},{"sensorID":"lux","value":160,"timestamp":"2015-12-13T00:49:06.653Z"},{"sensorID":"t","value":28.63,"timestamp":"2015-12-13T00:49:36.352Z"},{"sensorID":"h","value":33,"timestamp":"2015-12-13T00:49:36.397Z"},{"sensorID":"p","value":98622,"timestamp":"2015-12-13T00:49:36.441Z"},{"sensorID":"ch4","value":322,"timestamp":"2015-12-13T00:49:36.486Z"},{"sensorID":"lpg","value":171,"timestamp":"2015-12-13T00:49:36.533Z"},{"sensorID":"co","value":201,"timestamp":"2015-12-13T00:49:36.579Z"},{"sensorID":"lux","value":159,"timestamp":"2015-12-13T00:49:36.626Z"},{"sensorID":"t","value":28.59,"timestamp":"2015-12-13T00:50:06.422Z"},{"sensorID":"h","value":33,"timestamp":"2015-12-13T00:50:06.507Z"},{"sensorID":"p","value":98622,"timestamp":"2015-12-13T00:50:06.592Z"},{"sensorID":"ch4","value":322,"timestamp":"2015-12-13T00:50:06.645Z"},{"sensorID":"lpg","value":171,"timestamp":"2015-12-13T00:50:06.692Z"},{"sensorID":"co","value":202,"timestamp":"2015-12-13T00:50:06.758Z"},{"sensorID":"lux","value":163,"timestamp":"2015-12-13T00:50:06.847Z"},{"sensorID":"t","value":28.61,"timestamp":"2015-12-13T00:50:36.438Z"},{"sensorID":"h","value":33,"timestamp":"2015-12-13T00:50:36.485Z"},{"sensorID":"p","value":98622,"timestamp":"2015-12-13T00:50:36.532Z"},{"sensorID":"ch4","value":322,"timestamp":"2015-12-13T00:50:36.577Z"},{"sensorID":"lpg","value":172,"timestamp":"2015-12-13T00:50:36.623Z"},{"sensorID":"co","value":203,"timestamp":"2015-12-13T00:50:36.668Z"},{"sensorID":"lux","value":163,"timestamp":"2015-12-13T00:50:36.715Z"},{"sensorID":"t","value":28.47,"timestamp":"2015-12-13T00:51:06.491Z"},{"sensorID":"h","value":33,"timestamp":"2015-12-13T00:51:06.544Z"},{"sensorID":"p","value":98619,"timestamp":"2015-12-13T00:51:06.600Z"},{"sensorID":"ch4","value":319,"timestamp":"2015-12-13T00:51:06.651Z"},{"sensorID":"lpg","value":170,"timestamp":"2015-12-13T00:51:06.713Z"},{"sensorID":"co","value":201,"timestamp":"2015-12-13T00:51:06.767Z"},{"sensorID":"lux","value":161,"timestamp":"2015-12-13T00:51:06.837Z"},{"sensorID":"t","value":28.43,"timestamp":"2015-12-13T00:51:36.557Z"},{"sensorID":"h","value":33,"timestamp":"2015-12-13T00:51:36.606Z"},{"sensorID":"p","value":98626,"timestamp":"2015-12-13T00:51:36.652Z"},{"sensorID":"ch4","value":319,"timestamp":"2015-12-13T00:51:36.698Z"},{"sensorID":"lpg","value":170,"timestamp":"2015-12-13T00:51:36.741Z"},{"sensorID":"co","value":201,"timestamp":"2015-12-13T00:51:36.782Z"},{"sensorID":"lux","value":160,"timestamp":"2015-12-13T00:51:36.823Z"},{"sensorID":"t","value":28.34,"timestamp":"2015-12-13T00:52:06.590Z"},{"sensorID":"h","value":34,"timestamp":"2015-12-13T00:52:06.643Z"},{"sensorID":"p","value":98623,"timestamp":"2015-12-13T00:52:06.694Z"},{"sensorID":"ch4","value":318,"timestamp":"2015-12-13T00:52:06.742Z"},{"sensorID":"lpg","value":170,"timestamp":"2015-12-13T00:52:06.790Z"},{"sensorID":"co","value":202,"timestamp":"2015-12-13T00:52:06.842Z"},{"sensorID":"lux","value":164,"timestamp":"2015-12-13T00:52:06.893Z"},{"sensorID":"t","value":28.29,"timestamp":"2015-12-13T00:52:36.642Z"},{"sensorID":"h","value":34,"timestamp":"2015-12-13T00:52:36.688Z"},{"sensorID":"p","value":98617,"timestamp":"2015-12-13T00:52:36.734Z"},{"sensorID":"ch4","value":318,"timestamp":"2015-12-13T00:52:36.784Z"},{"sensorID":"lpg","value":170,"timestamp":"2015-12-13T00:52:36.830Z"},{"sensorID":"co","value":202,"timestamp":"2015-12-13T00:52:36.882Z"},{"sensorID":"lux","value":161,"timestamp":"2015-12-13T00:52:36.931Z"},{"sensorID":"t","value":28.27,"timestamp":"2015-12-13T00:53:06.707Z"},{"sensorID":"h","value":33,"timestamp":"2015-12-13T00:53:06.753Z"},{"sensorID":"p","value":98630,"timestamp":"2015-12-13T00:53:06.805Z"},{"sensorID":"ch4","value":318,"timestamp":"2015-12-13T00:53:06.852Z"},{"sensorID":"lpg","value":170,"timestamp":"2015-12-13T00:53:06.899Z"},{"sensorID":"co","value":202,"timestamp":"2015-12-13T00:53:06.943Z"},{"sensorID":"lux","value":159,"timestamp":"2015-12-13T00:53:06.986Z"},{"sensorID":"t","value":28.34,"timestamp":"2015-12-13T00:53:36.745Z"},{"sensorID":"h","value":33,"timestamp":"2015-12-13T00:53:36.790Z"},{"sensorID":"p","value":98626,"timestamp":"2015-12-13T00:53:36.836Z"},{"sensorID":"ch4","value":318,"timestamp":"2015-12-13T00:53:36.881Z"},{"sensorID":"lpg","value":170,"timestamp":"2015-12-13T00:53:36.928Z"},{"sensorID":"co","value":203,"timestamp":"2015-12-13T00:53:36.974Z"},{"sensorID":"lux","value":164,"timestamp":"2015-12-13T00:53:37.024Z"},{"sensorID":"t","value":28.37,"timestamp":"2015-12-13T00:54:06.794Z"},{"sensorID":"h","value":34,"timestamp":"2015-12-13T00:54:06.844Z"},{"sensorID":"p","value":98617,"timestamp":"2015-12-13T00:54:06.895Z"},{"sensorID":"ch4","value":317,"timestamp":"2015-12-13T00:54:06.947Z"},{"sensorID":"lpg","value":171,"timestamp":"2015-12-13T00:54:06.997Z"},{"sensorID":"co","value":204,"timestamp":"2015-12-13T00:54:07.070Z"},{"sensorID":"lux","value":162,"timestamp":"2015-12-13T00:54:07.140Z"},{"sensorID":"t","value":28.33,"timestamp":"2015-12-13T00:54:36.858Z"},{"sensorID":"h","value":34,"timestamp":"2015-12-13T00:54:36.914Z"},{"sensorID":"p","value":98624,"timestamp":"2015-12-13T00:54:36.965Z"},{"sensorID":"ch4","value":323,"timestamp":"2015-12-13T00:54:37.018Z"},{"sensorID":"lpg","value":176,"timestamp":"2015-12-13T00:54:37.075Z"},{"sensorID":"co","value":209,"timestamp":"2015-12-13T00:54:37.128Z"},{"sensorID":"lux","value":159,"timestamp":"2015-12-13T00:54:37.177Z"},{"sensorID":"t","value":28.38,"timestamp":"2015-12-13T00:55:06.915Z"},{"sensorID":"h","value":33,"timestamp":"2015-12-13T00:55:06.976Z"},{"sensorID":"p","value":98622,"timestamp":"2015-12-13T00:55:07.043Z"},{"sensorID":"ch4","value":323,"timestamp":"2015-12-13T00:55:07.141Z"},{"sensorID":"lpg","value":177,"timestamp":"2015-12-13T00:55:07.234Z"},{"sensorID":"co","value":209,"timestamp":"2015-12-13T00:55:07.368Z"},{"sensorID":"lux","value":159,"timestamp":"2015-12-13T00:55:07.419Z"},{"sensorID":"t","value":28.38,"timestamp":"2015-12-13T00:55:36.960Z"},{"sensorID":"h","value":33,"timestamp":"2015-12-13T00:55:37.007Z"},{"sensorID":"p","value":98624,"timestamp":"2015-12-13T00:55:37.059Z"},{"sensorID":"ch4","value":324,"timestamp":"2015-12-13T00:55:37.106Z"},{"sensorID":"lpg","value":177,"timestamp":"2015-12-13T00:55:37.153Z"},{"sensorID":"co","value":211,"timestamp":"2015-12-13T00:55:37.199Z"},{"sensorID":"lux","value":164,"timestamp":"2015-12-13T00:55:37.247Z"},{"sensorID":"t","value":28.44,"timestamp":"2015-12-13T00:56:07.019Z"},{"sensorID":"h","value":33,"timestamp":"2015-12-13T00:56:07.072Z"},{"sensorID":"p","value":98623,"timestamp":"2015-12-13T00:56:07.128Z"},{"sensorID":"ch4","value":323,"timestamp":"2015-12-13T00:56:07.184Z"},{"sensorID":"lpg","value":177,"timestamp":"2015-12-13T00:56:07.238Z"},{"sensorID":"co","value":211,"timestamp":"2015-12-13T00:56:07.286Z"},{"sensorID":"lux","value":164,"timestamp":"2015-12-13T00:56:07.329Z"},{"sensorID":"t","value":28.4,"timestamp":"2015-12-13T00:56:37.077Z"},{"sensorID":"h","value":33,"timestamp":"2015-12-13T00:56:37.125Z"},{"sensorID":"p","value":98620,"timestamp":"2015-12-13T00:56:37.175Z"},{"sensorID":"ch4","value":323,"timestamp":"2015-12-13T00:56:37.222Z"},{"sensorID":"lpg","value":178,"timestamp":"2015-12-13T00:56:37.269Z"},{"sensorID":"co","value":210,"timestamp":"2015-12-13T00:56:37.320Z"},{"sensorID":"lux","value":164,"timestamp":"2015-12-13T00:56:37.366Z"},{"sensorID":"t","value":27.6,"timestamp":"2015-12-13T00:58:45.255Z"},{"sensorID":"h","value":34,"timestamp":"2015-12-13T00:58:45.310Z"},{"sensorID":"p","value":98619,"timestamp":"2015-12-13T00:58:45.359Z"},{"sensorID":"ch4","value":399,"timestamp":"2015-12-13T00:58:45.410Z"},{"sensorID":"lpg","value":257,"timestamp":"2015-12-13T00:58:45.456Z"},{"sensorID":"co","value":346,"timestamp":"2015-12-13T00:58:45.502Z"},{"sensorID":"lux","value":107,"timestamp":"2015-12-13T00:58:45.548Z"},{"sensorID":"t","value":27.39,"timestamp":"2015-12-13T00:59:15.291Z"},{"sensorID":"h","value":35,"timestamp":"2015-12-13T00:59:15.338Z"},{"sensorID":"p","value":98621,"timestamp":"2015-12-13T00:59:15.384Z"},{"sensorID":"ch4","value":354,"timestamp":"2015-12-13T00:59:15.438Z"},{"sensorID":"lpg","value":208,"timestamp":"2015-12-13T00:59:15.489Z"},{"sensorID":"co","value":329,"timestamp":"2015-12-13T00:59:15.535Z"},{"sensorID":"lux","value":109,"timestamp":"2015-12-13T00:59:15.582Z"},{"sensorID":"t","value":27.26,"timestamp":"2015-12-13T00:59:45.352Z"},{"sensorID":"h","value":35,"timestamp":"2015-12-13T00:59:45.399Z"},{"sensorID":"p","value":98621,"timestamp":"2015-12-13T00:59:45.446Z"},{"sensorID":"ch4","value":333,"timestamp":"2015-12-13T00:59:45.496Z"},{"sensorID":"lpg","value":186,"timestamp":"2015-12-13T00:59:45.546Z"},{"sensorID":"co","value":323,"timestamp":"2015-12-13T00:59:45.594Z"},{"sensorID":"lux","value":110,"timestamp":"2015-12-13T00:59:45.640Z"},{"sensorID":"t","value":27.14,"timestamp":"2015-12-13T01:00:15.388Z"},{"sensorID":"h","value":36,"timestamp":"2015-12-13T01:00:15.438Z"},{"sensorID":"p","value":98618,"timestamp":"2015-12-13T01:00:15.515Z"},{"sensorID":"ch4","value":312,"timestamp":"2015-12-13T01:00:15.587Z"},{"sensorID":"lpg","value":166,"timestamp":"2015-12-13T01:00:15.648Z"},{"sensorID":"co","value":310,"timestamp":"2015-12-13T01:00:15.720Z"},{"sensorID":"lux","value":125,"timestamp":"2015-12-13T01:00:15.780Z"},{"timestamp":"2015-12-13T01:00:18.432Z"},{"timestamp":"2015-12-13T01:00:34.486Z"},{"timestamp":"2015-12-13T01:00:35.768Z"},{"timestamp":"2015-12-13T01:00:36.399Z"},{"timestamp":"2015-12-13T01:00:37.021Z"},{"timestamp":"2015-12-13T01:00:37.928Z"},{"sensorID":"t","value":27.07,"timestamp":"2015-12-13T01:00:45.437Z"},{"sensorID":"h","value":36,"timestamp":"2015-12-13T01:00:45.483Z"},{"sensorID":"p","value":98626,"timestamp":"2015-12-13T01:00:45.530Z"},{"sensorID":"ch4","value":313,"timestamp":"2015-12-13T01:00:45.577Z"},{"sensorID":"lpg","value":159,"timestamp":"2015-12-13T01:00:45.622Z"},{"sensorID":"co","value":308,"timestamp":"2015-12-13T01:00:45.669Z"},{"sensorID":"lux","value":122,"timestamp":"2015-12-13T01:00:45.714Z"},{"sensorID":"t","value":26.99,"timestamp":"2015-12-13T01:01:15.744Z"},{"sensorID":"h","value":36,"timestamp":"2015-12-13T01:01:15.797Z"},{"sensorID":"p","value":98614,"timestamp":"2015-12-13T01:01:15.848Z"},{"sensorID":"ch4","value":309,"timestamp":"2015-12-13T01:01:15.902Z"},{"sensorID":"lpg","value":161,"timestamp":"2015-12-13T01:01:15.957Z"},{"sensorID":"co","value":311,"timestamp":"2015-12-13T01:01:16.016Z"},{"sensorID":"lux","value":159,"timestamp":"2015-12-13T01:01:16.075Z"},{"sensorID":"t","value":26.82,"timestamp":"2015-12-13T01:01:45.542Z"},{"sensorID":"h","value":37,"timestamp":"2015-12-13T01:01:45.588Z"},{"sensorID":"p","value":98627,"timestamp":"2015-12-13T01:01:45.633Z"},{"sensorID":"ch4","value":307,"timestamp":"2015-12-13T01:01:45.678Z"},{"sensorID":"lpg","value":160,"timestamp":"2015-12-13T01:01:45.726Z"},{"sensorID":"co","value":311,"timestamp":"2015-12-13T01:01:45.773Z"},{"sensorID":"lux","value":154,"timestamp":"2015-12-13T01:01:45.818Z"},{"sensorID":"t","value":26.72,"timestamp":"2015-12-13T01:02:15.591Z"},{"sensorID":"h","value":37,"timestamp":"2015-12-13T01:02:15.648Z"},{"sensorID":"p","value":98625,"timestamp":"2015-12-13T01:02:15.694Z"},{"sensorID":"ch4","value":298,"timestamp":"2015-12-13T01:02:15.739Z"},{"sensorID":"lpg","value":158,"timestamp":"2015-12-13T01:02:15.787Z"},{"sensorID":"co","value":311,"timestamp":"2015-12-13T01:02:15.833Z"},{"sensorID":"lux","value":161,"timestamp":"2015-12-13T01:02:15.878Z"},{"sensorID":"t","value":26.68,"timestamp":"2015-12-13T01:02:45.636Z"},{"sensorID":"h","value":37,"timestamp":"2015-12-13T01:02:45.682Z"},{"sensorID":"p","value":98618,"timestamp":"2015-12-13T01:02:45.728Z"},{"sensorID":"ch4","value":220,"timestamp":"2015-12-13T01:02:45.776Z"},{"sensorID":"lpg","value":115,"timestamp":"2015-12-13T01:02:45.830Z"},{"sensorID":"co","value":250,"timestamp":"2015-12-13T01:02:45.877Z"},{"sensorID":"lux","value":77,"timestamp":"2015-12-13T01:02:45.926Z"},{"sensorID":"t","value":26.62,"timestamp":"2015-12-13T01:03:15.688Z"},{"sensorID":"h","value":37,"timestamp":"2015-12-13T01:03:15.732Z"},{"sensorID":"p","value":98629,"timestamp":"2015-12-13T01:03:15.782Z"},{"sensorID":"ch4","value":251,"timestamp":"2015-12-13T01:03:15.836Z"},{"sensorID":"lpg","value":134,"timestamp":"2015-12-13T01:03:15.884Z"},{"sensorID":"co","value":247,"timestamp":"2015-12-13T01:03:15.931Z"},{"sensorID":"lux","value":163,"timestamp":"2015-12-13T01:03:15.977Z"},{"sensorID":"t","value":26.63,"timestamp":"2015-12-13T01:03:45.770Z"},{"sensorID":"h","value":37,"timestamp":"2015-12-13T01:03:45.823Z"},{"sensorID":"p","value":98627,"timestamp":"2015-12-13T01:03:45.876Z"},{"sensorID":"ch4","value":270,"timestamp":"2015-12-13T01:03:45.924Z"},{"sensorID":"lpg","value":135,"timestamp":"2015-12-13T01:03:45.973Z"},{"sensorID":"co","value":244,"timestamp":"2015-12-13T01:03:46.026Z"},{"sensorID":"lux","value":163,"timestamp":"2015-12-13T01:03:46.078Z"},{"sensorID":"t","value":26.68,"timestamp":"2015-12-13T01:04:15.792Z"},{"sensorID":"h","value":37,"timestamp":"2015-12-13T01:04:15.846Z"},{"sensorID":"p","value":98620,"timestamp":"2015-12-13T01:04:15.899Z"},{"sensorID":"ch4","value":277,"timestamp":"2015-12-13T01:04:15.949Z"},{"sensorID":"lpg","value":154,"timestamp":"2015-12-13T01:04:16.003Z"},{"sensorID":"co","value":270,"timestamp":"2015-12-13T01:04:16.052Z"},{"sensorID":"lux","value":163,"timestamp":"2015-12-13T01:04:16.113Z"},{"sensorID":"t","value":26.72,"timestamp":"2015-12-13T01:04:45.839Z"},{"sensorID":"h","value":37,"timestamp":"2015-12-13T01:04:45.885Z"},{"sensorID":"p","value":98618,"timestamp":"2015-12-13T01:04:45.933Z"},{"sensorID":"ch4","value":296,"timestamp":"2015-12-13T01:04:45.981Z"},{"sensorID":"lpg","value":157,"timestamp":"2015-12-13T01:04:46.053Z"},{"sensorID":"co","value":266,"timestamp":"2015-12-13T01:04:46.102Z"},{"sensorID":"lux","value":135,"timestamp":"2015-12-13T01:04:46.149Z"},{"sensorID":"t","value":26.78,"timestamp":"2015-12-13T01:05:15.904Z"},{"sensorID":"h","value":36,"timestamp":"2015-12-13T01:05:15.950Z"},{"sensorID":"p","value":98629,"timestamp":"2015-12-13T01:05:15.996Z"},{"sensorID":"ch4","value":312,"timestamp":"2015-12-13T01:05:16.045Z"},{"sensorID":"lpg","value":179,"timestamp":"2015-12-13T01:05:16.094Z"},{"sensorID":"co","value":270,"timestamp":"2015-12-13T01:05:16.142Z"},{"sensorID":"lux","value":148,"timestamp":"2015-12-13T01:05:16.189Z"},{"sensorID":"t","value":26.78,"timestamp":"2015-12-13T01:05:45.941Z"},{"sensorID":"h","value":37,"timestamp":"2015-12-13T01:05:45.989Z"},{"sensorID":"p","value":98629,"timestamp":"2015-12-13T01:05:46.038Z"},{"sensorID":"ch4","value":345,"timestamp":"2015-12-13T01:05:46.088Z"},{"sensorID":"lpg","value":198,"timestamp":"2015-12-13T01:05:46.140Z"},{"sensorID":"co","value":319,"timestamp":"2015-12-13T01:05:46.190Z"},{"sensorID":"lux","value":78,"timestamp":"2015-12-13T01:05:46.237Z"},{"sensorID":"t","value":26.88,"timestamp":"2015-12-13T01:06:16.003Z"},{"sensorID":"h","value":37,"timestamp":"2015-12-13T01:06:16.052Z"},{"sensorID":"p","value":98622,"timestamp":"2015-12-13T01:06:16.110Z"},{"sensorID":"ch4","value":337,"timestamp":"2015-12-13T01:06:16.159Z"},{"sensorID":"lpg","value":188,"timestamp":"2015-12-13T01:06:16.207Z"},{"sensorID":"co","value":332,"timestamp":"2015-12-13T01:06:16.257Z"},{"sensorID":"lux","value":143,"timestamp":"2015-12-13T01:06:16.305Z"},{"sensorID":"t","value":26.84,"timestamp":"2015-12-13T01:06:46.038Z"},{"sensorID":"h","value":42,"timestamp":"2015-12-13T01:06:46.084Z"},{"sensorID":"p","value":98628,"timestamp":"2015-12-13T01:06:46.129Z"},{"sensorID":"ch4","value":305,"timestamp":"2015-12-13T01:06:46.177Z"},{"sensorID":"lpg","value":160,"timestamp":"2015-12-13T01:06:46.224Z"},{"sensorID":"co","value":320,"timestamp":"2015-12-13T01:06:46.270Z"},{"sensorID":"lux","value":122,"timestamp":"2015-12-13T01:06:46.318Z"},{"sensorID":"t","value":26.8,"timestamp":"2015-12-13T01:07:16.104Z"},{"sensorID":"h","value":37,"timestamp":"2015-12-13T01:07:16.152Z"},{"sensorID":"p","value":98621,"timestamp":"2015-12-13T01:07:16.199Z"},{"sensorID":"ch4","value":293,"timestamp":"2015-12-13T01:07:16.248Z"},{"sensorID":"lpg","value":148,"timestamp":"2015-12-13T01:07:16.301Z"},{"sensorID":"co","value":285,"timestamp":"2015-12-13T01:07:16.350Z"},{"sensorID":"lux","value":144,"timestamp":"2015-12-13T01:07:16.398Z"},{"sensorID":"t","value":26.82,"timestamp":"2015-12-13T01:07:46.142Z"},{"sensorID":"h","value":38,"timestamp":"2015-12-13T01:07:46.192Z"},{"sensorID":"p","value":98628,"timestamp":"2015-12-13T01:07:46.239Z"},{"sensorID":"ch4","value":259,"timestamp":"2015-12-13T01:07:46.285Z"},{"sensorID":"lpg","value":126,"timestamp":"2015-12-13T01:07:46.333Z"},{"sensorID":"co","value":256,"timestamp":"2015-12-13T01:07:46.379Z"},{"sensorID":"lux","value":120,"timestamp":"2015-12-13T01:07:46.427Z"},{"sensorID":"t","value":26.98,"timestamp":"2015-12-13T01:08:16.189Z"},{"sensorID":"h","value":39,"timestamp":"2015-12-13T01:08:16.237Z"},{"sensorID":"p","value":98620,"timestamp":"2015-12-13T01:08:16.283Z"},{"sensorID":"ch4","value":305,"timestamp":"2015-12-13T01:08:16.329Z"},{"sensorID":"lpg","value":213,"timestamp":"2015-12-13T01:08:16.376Z"},{"sensorID":"co","value":316,"timestamp":"2015-12-13T01:08:16.423Z"},{"sensorID":"lux","value":126,"timestamp":"2015-12-13T01:08:16.472Z"},{"sensorID":"t","value":27.1,"timestamp":"2015-12-13T01:08:46.253Z"},{"sensorID":"h","value":36,"timestamp":"2015-12-13T01:08:46.301Z"},{"sensorID":"p","value":98623,"timestamp":"2015-12-13T01:08:46.350Z"},{"sensorID":"ch4","value":297,"timestamp":"2015-12-13T01:08:46.398Z"},{"sensorID":"lpg","value":207,"timestamp":"2015-12-13T01:08:46.443Z"},{"sensorID":"co","value":300,"timestamp":"2015-12-13T01:08:46.495Z"},{"sensorID":"lux","value":126,"timestamp":"2015-12-13T01:08:46.542Z"},{"sensorID":"t","value":27.2,"timestamp":"2015-12-13T01:09:16.439Z"},{"sensorID":"h","value":37,"timestamp":"2015-12-13T01:09:16.486Z"},{"sensorID":"p","value":98630,"timestamp":"2015-12-13T01:09:16.534Z"},{"sensorID":"ch4","value":309,"timestamp":"2015-12-13T01:09:16.582Z"},{"sensorID":"lpg","value":208,"timestamp":"2015-12-13T01:09:16.645Z"},{"sensorID":"co","value":336,"timestamp":"2015-12-13T01:09:16.697Z"},{"sensorID":"lux","value":133,"timestamp":"2015-12-13T01:09:16.745Z"},{"sensorID":"t","value":27.36,"timestamp":"2015-12-13T01:09:46.335Z"},{"sensorID":"h","value":38,"timestamp":"2015-12-13T01:09:46.385Z"},{"sensorID":"p","value":98619,"timestamp":"2015-12-13T01:09:46.435Z"},{"sensorID":"ch4","value":296,"timestamp":"2015-12-13T01:09:46.483Z"},{"sensorID":"lpg","value":201,"timestamp":"2015-12-13T01:09:46.531Z"},{"sensorID":"co","value":294,"timestamp":"2015-12-13T01:09:46.580Z"},{"sensorID":"lux","value":137,"timestamp":"2015-12-13T01:09:46.631Z"},{"sensorID":"t","value":27.45,"timestamp":"2015-12-13T01:10:16.419Z"},{"sensorID":"h","value":36,"timestamp":"2015-12-13T01:10:16.468Z"},{"sensorID":"p","value":98621,"timestamp":"2015-12-13T01:10:16.518Z"},{"sensorID":"ch4","value":300,"timestamp":"2015-12-13T01:10:16.566Z"},{"sensorID":"lpg","value":196,"timestamp":"2015-12-13T01:10:16.616Z"},{"sensorID":"co","value":293,"timestamp":"2015-12-13T01:10:16.673Z"},{"sensorID":"lux","value":156,"timestamp":"2015-12-13T01:10:16.722Z"},{"sensorID":"t","value":27.41,"timestamp":"2015-12-13T01:10:46.441Z"},{"sensorID":"h","value":35,"timestamp":"2015-12-13T01:10:46.507Z"},{"sensorID":"p","value":98622,"timestamp":"2015-12-13T01:10:46.600Z"},{"sensorID":"ch4","value":298,"timestamp":"2015-12-13T01:10:46.650Z"},{"sensorID":"lpg","value":185,"timestamp":"2015-12-13T01:10:46.718Z"},{"sensorID":"co","value":305,"timestamp":"2015-12-13T01:10:46.782Z"},{"sensorID":"lux","value":152,"timestamp":"2015-12-13T01:10:46.844Z"},{"sensorID":"t","value":27.35,"timestamp":"2015-12-13T01:11:21.379Z"},{"sensorID":"h","value":35,"timestamp":"2015-12-13T01:11:21.557Z"},{"sensorID":"p","value":98621,"timestamp":"2015-12-13T01:11:21.621Z"},{"sensorID":"ch4","value":291,"timestamp":"2015-12-13T01:11:21.674Z"},{"sensorID":"lpg","value":178,"timestamp":"2015-12-13T01:11:21.750Z"},{"sensorID":"co","value":281,"timestamp":"2015-12-13T01:11:21.819Z"},{"sensorID":"lux","value":156,"timestamp":"2015-12-13T01:11:21.896Z"},{"sensorID":"t","value":27.28,"timestamp":"2015-12-13T01:11:49.156Z"},{"sensorID":"h","value":36,"timestamp":"2015-12-13T01:11:49.229Z"},{"sensorID":"p","value":98621,"timestamp":"2015-12-13T01:11:49.292Z"},{"sensorID":"ch4","value":360,"timestamp":"2015-12-13T01:11:49.342Z"},{"sensorID":"lpg","value":345,"timestamp":"2015-12-13T01:11:49.398Z"},{"sensorID":"co","value":324,"timestamp":"2015-12-13T01:11:49.452Z"},{"sensorID":"lux","value":145,"timestamp":"2015-12-13T01:11:49.507Z"},{"sensorID":"t","value":27.22,"timestamp":"2015-12-13T01:12:23.684Z"},{"sensorID":"h","value":36,"timestamp":"2015-12-13T01:12:23.777Z"},{"sensorID":"p","value":98624,"timestamp":"2015-12-13T01:12:23.832Z"},{"sensorID":"ch4","value":350,"timestamp":"2015-12-13T01:12:23.887Z"},{"sensorID":"lpg","value":275,"timestamp":"2015-12-13T01:12:23.941Z"},{"sensorID":"co","value":355,"timestamp":"2015-12-13T01:12:23.993Z"},{"sensorID":"lux","value":143,"timestamp":"2015-12-13T01:12:24.043Z"},{"sensorID":"t","value":27.23,"timestamp":"2015-12-13T01:12:47.483Z"},{"sensorID":"h","value":36,"timestamp":"2015-12-13T01:12:47.534Z"},{"sensorID":"p","value":98629,"timestamp":"2015-12-13T01:12:47.587Z"},{"sensorID":"ch4","value":333,"timestamp":"2015-12-13T01:12:47.648Z"},{"sensorID":"lpg","value":253,"timestamp":"2015-12-13T01:12:47.702Z"},{"sensorID":"co","value":333,"timestamp":"2015-12-13T01:12:47.756Z"},{"sensorID":"lux","value":140,"timestamp":"2015-12-13T01:12:47.813Z"},{"sensorID":"t","value":27.12,"timestamp":"2015-12-13T01:13:16.693Z"},{"sensorID":"h","value":36,"timestamp":"2015-12-13T01:13:16.739Z"},{"sensorID":"p","value":98625,"timestamp":"2015-12-13T01:13:16.786Z"},{"sensorID":"ch4","value":313,"timestamp":"2015-12-13T01:13:16.835Z"},{"sensorID":"lpg","value":229,"timestamp":"2015-12-13T01:13:16.882Z"},{"sensorID":"co","value":317,"timestamp":"2015-12-13T01:13:16.930Z"},{"sensorID":"lux","value":121,"timestamp":"2015-12-13T01:13:16.981Z"},{"sensorID":"t","value":26.93,"timestamp":"2015-12-13T01:13:46.757Z"},{"sensorID":"h","value":37,"timestamp":"2015-12-13T01:13:46.807Z"},{"sensorID":"p","value":98624,"timestamp":"2015-12-13T01:13:46.856Z"},{"sensorID":"ch4","value":308,"timestamp":"2015-12-13T01:13:46.904Z"},{"sensorID":"lpg","value":203,"timestamp":"2015-12-13T01:13:46.952Z"},{"sensorID":"co","value":316,"timestamp":"2015-12-13T01:13:47.007Z"},{"sensorID":"lux","value":134,"timestamp":"2015-12-13T01:13:47.066Z"},{"sensorID":"t","value":26.67,"timestamp":"2015-12-13T01:14:16.791Z"},{"sensorID":"h","value":36,"timestamp":"2015-12-13T01:14:16.840Z"},{"sensorID":"p","value":98636,"timestamp":"2015-12-13T01:14:16.889Z"},{"sensorID":"ch4","value":315,"timestamp":"2015-12-13T01:14:16.937Z"},{"sensorID":"lpg","value":203,"timestamp":"2015-12-13T01:14:16.984Z"},{"sensorID":"co","value":321,"timestamp":"2015-12-13T01:14:17.033Z"},{"sensorID":"lux","value":129,"timestamp":"2015-12-13T01:14:17.092Z"},{"sensorID":"t","value":26.44,"timestamp":"2015-12-13T01:14:46.853Z"},{"sensorID":"h","value":37,"timestamp":"2015-12-13T01:14:46.900Z"},{"sensorID":"p","value":98628,"timestamp":"2015-12-13T01:14:46.947Z"},{"sensorID":"ch4","value":330,"timestamp":"2015-12-13T01:14:46.993Z"},{"sensorID":"lpg","value":199,"timestamp":"2015-12-13T01:14:47.058Z"},{"sensorID":"co","value":318,"timestamp":"2015-12-13T01:14:47.121Z"},{"sensorID":"lux","value":0,"timestamp":"2015-12-13T01:14:47.169Z"},{"sensorID":"t","value":26.12,"timestamp":"2015-12-13T01:15:17.040Z"},{"sensorID":"h","value":38,"timestamp":"2015-12-13T01:15:17.086Z"},{"sensorID":"p","value":98627,"timestamp":"2015-12-13T01:15:17.136Z"},{"sensorID":"ch4","value":325,"timestamp":"2015-12-13T01:15:17.183Z"},{"sensorID":"lpg","value":187,"timestamp":"2015-12-13T01:15:17.230Z"},{"sensorID":"co","value":302,"timestamp":"2015-12-13T01:15:17.279Z"},{"sensorID":"lux","value":133,"timestamp":"2015-12-13T01:15:17.326Z"},{"sensorID":"t","value":25.84,"timestamp":"2015-12-13T01:15:46.940Z"},{"sensorID":"h","value":38,"timestamp":"2015-12-13T01:15:46.988Z"},{"sensorID":"p","value":98632,"timestamp":"2015-12-13T01:15:47.037Z"},{"sensorID":"ch4","value":333,"timestamp":"2015-12-13T01:15:47.088Z"},{"sensorID":"lpg","value":194,"timestamp":"2015-12-13T01:15:47.141Z"},{"sensorID":"co","value":302,"timestamp":"2015-12-13T01:15:47.192Z"},{"sensorID":"lux","value":139,"timestamp":"2015-12-13T01:15:47.237Z"},{"sensorID":"t","value":25.58,"timestamp":"2015-12-13T01:16:17.170Z"},{"sensorID":"h","value":39,"timestamp":"2015-12-13T01:16:17.218Z"},{"sensorID":"p","value":98630,"timestamp":"2015-12-13T01:16:17.267Z"},{"sensorID":"ch4","value":294,"timestamp":"2015-12-13T01:16:17.317Z"},{"sensorID":"lpg","value":171,"timestamp":"2015-12-13T01:16:17.365Z"},{"sensorID":"co","value":297,"timestamp":"2015-12-13T01:16:17.415Z"},{"sensorID":"lux","value":118,"timestamp":"2015-12-13T01:16:17.461Z"},{"sensorID":"t","value":25.39,"timestamp":"2015-12-13T01:16:47.041Z"},{"sensorID":"h","value":39,"timestamp":"2015-12-13T01:16:47.087Z"},{"sensorID":"p","value":98628,"timestamp":"2015-12-13T01:16:47.135Z"},{"sensorID":"ch4","value":303,"timestamp":"2015-12-13T01:16:47.182Z"},{"sensorID":"lpg","value":196,"timestamp":"2015-12-13T01:16:47.229Z"},{"sensorID":"co","value":311,"timestamp":"2015-12-13T01:16:47.277Z"},{"sensorID":"lux","value":118,"timestamp":"2015-12-13T01:16:47.324Z"},{"timestamp":"2015-12-13T01:17:09.933Z"},{"sensorID":"t","value":25.25,"timestamp":"2015-12-13T01:17:17.089Z"},{"sensorID":"h","value":40,"timestamp":"2015-12-13T01:17:17.143Z"},{"sensorID":"p","value":98627,"timestamp":"2015-12-13T01:17:17.190Z"},{"sensorID":"ch4","value":297,"timestamp":"2015-12-13T01:17:17.235Z"},{"sensorID":"lpg","value":179,"timestamp":"2015-12-13T01:17:17.282Z"},{"sensorID":"co","value":283,"timestamp":"2015-12-13T01:17:17.326Z"},{"sensorID":"lux","value":117,"timestamp":"2015-12-13T01:17:17.371Z"},{"sensorID":"t","value":25.06,"timestamp":"2015-12-13T01:17:47.157Z"},{"sensorID":"h","value":40,"timestamp":"2015-12-13T01:17:47.209Z"},{"sensorID":"p","value":98631,"timestamp":"2015-12-13T01:17:47.268Z"},{"sensorID":"ch4","value":323,"timestamp":"2015-12-13T01:17:47.319Z"},{"sensorID":"lpg","value":192,"timestamp":"2015-12-13T01:17:47.368Z"},{"sensorID":"co","value":280,"timestamp":"2015-12-13T01:17:47.418Z"},{"sensorID":"lux","value":114,"timestamp":"2015-12-13T01:17:47.466Z"},{"sensorID":"t","value":24.91,"timestamp":"2015-12-13T01:18:17.193Z"},{"sensorID":"h","value":40,"timestamp":"2015-12-13T01:18:17.244Z"},{"sensorID":"p","value":98638,"timestamp":"2015-12-13T01:18:17.293Z"},{"sensorID":"ch4","value":326,"timestamp":"2015-12-13T01:18:17.346Z"},{"sensorID":"lpg","value":194,"timestamp":"2015-12-13T01:18:17.408Z"},{"sensorID":"co","value":302,"timestamp":"2015-12-13T01:18:17.454Z"},{"sensorID":"lux","value":117,"timestamp":"2015-12-13T01:18:17.509Z"},{"sensorID":"t","value":24.71,"timestamp":"2015-12-13T01:18:47.258Z"},{"sensorID":"h","value":41,"timestamp":"2015-12-13T01:18:47.306Z"},{"sensorID":"p","value":98644,"timestamp":"2015-12-13T01:18:47.357Z"},{"sensorID":"ch4","value":316,"timestamp":"2015-12-13T01:18:47.406Z"},{"sensorID":"lpg","value":185,"timestamp":"2015-12-13T01:18:47.459Z"},{"sensorID":"co","value":287,"timestamp":"2015-12-13T01:18:47.511Z"},{"sensorID":"lux","value":116,"timestamp":"2015-12-13T01:18:47.564Z"},{"sensorID":"t","value":24.55,"timestamp":"2015-12-13T01:19:17.304Z"},{"sensorID":"h","value":41,"timestamp":"2015-12-13T01:19:17.353Z"},{"sensorID":"p","value":98639,"timestamp":"2015-12-13T01:19:17.400Z"},{"sensorID":"ch4","value":312,"timestamp":"2015-12-13T01:19:17.445Z"},{"sensorID":"lpg","value":184,"timestamp":"2015-12-13T01:19:17.494Z"},{"sensorID":"co","value":289,"timestamp":"2015-12-13T01:19:17.542Z"},{"sensorID":"lux","value":116,"timestamp":"2015-12-13T01:19:17.587Z"},{"sensorID":"t","value":24.52,"timestamp":"2015-12-13T01:19:47.351Z"},{"sensorID":"h","value":42,"timestamp":"2015-12-13T01:19:47.398Z"},{"sensorID":"p","value":98637,"timestamp":"2015-12-13T01:19:47.442Z"},{"sensorID":"ch4","value":317,"timestamp":"2015-12-13T01:19:47.489Z"},{"sensorID":"lpg","value":193,"timestamp":"2015-12-13T01:19:47.535Z"},{"sensorID":"co","value":284,"timestamp":"2015-12-13T01:19:47.580Z"},{"sensorID":"lux","value":114,"timestamp":"2015-12-13T01:19:47.626Z"},{"sensorID":"t","value":24.52,"timestamp":"2015-12-13T01:20:17.397Z"},{"sensorID":"h","value":41,"timestamp":"2015-12-13T01:20:17.444Z"},{"sensorID":"p","value":98640,"timestamp":"2015-12-13T01:20:17.491Z"},{"sensorID":"ch4","value":315,"timestamp":"2015-12-13T01:20:17.535Z"},{"sensorID":"lpg","value":186,"timestamp":"2015-12-13T01:20:17.584Z"},{"sensorID":"co","value":282,"timestamp":"2015-12-13T01:20:17.629Z"},{"sensorID":"lux","value":115,"timestamp":"2015-12-13T01:20:17.672Z"},{"sensorID":"t","value":24.52,"timestamp":"2015-12-13T01:20:47.448Z"},{"sensorID":"h","value":42,"timestamp":"2015-12-13T01:20:47.493Z"},{"sensorID":"p","value":98640,"timestamp":"2015-12-13T01:20:47.542Z"},{"sensorID":"ch4","value":313,"timestamp":"2015-12-13T01:20:47.588Z"},{"sensorID":"lpg","value":184,"timestamp":"2015-12-13T01:20:47.638Z"},{"sensorID":"co","value":276,"timestamp":"2015-12-13T01:20:47.685Z"},{"sensorID":"lux","value":115,"timestamp":"2015-12-13T01:20:47.732Z"},{"timestamp":"2015-12-13T01:21:04.403Z"},{"sensorID":"t","value":24.49,"timestamp":"2015-12-13T01:21:17.485Z"},{"sensorID":"h","value":41,"timestamp":"2015-12-13T01:21:17.536Z"},{"sensorID":"p","value":98637,"timestamp":"2015-12-13T01:21:17.583Z"},{"sensorID":"ch4","value":318,"timestamp":"2015-12-13T01:21:17.630Z"},{"sensorID":"lpg","value":188,"timestamp":"2015-12-13T01:21:17.681Z"},{"sensorID":"co","value":277,"timestamp":"2015-12-13T01:21:17.728Z"},{"sensorID":"lux","value":115,"timestamp":"2015-12-13T01:21:17.774Z"},{"sensorID":"t","value":24.46,"timestamp":"2015-12-13T01:21:47.556Z"},{"sensorID":"h","value":43,"timestamp":"2015-12-13T01:21:47.605Z"},{"sensorID":"p","value":98626,"timestamp":"2015-12-13T01:21:47.656Z"},{"sensorID":"ch4","value":321,"timestamp":"2015-12-13T01:21:47.758Z"},{"sensorID":"lpg","value":192,"timestamp":"2015-12-13T01:21:47.807Z"},{"sensorID":"co","value":278,"timestamp":"2015-12-13T01:21:47.904Z"},{"sensorID":"lux","value":115,"timestamp":"2015-12-13T01:21:48.003Z"},{"sensorID":"t","value":24.47,"timestamp":"2015-12-13T01:22:17.609Z"},{"sensorID":"h","value":41,"timestamp":"2015-12-13T01:22:17.657Z"},{"sensorID":"p","value":98636,"timestamp":"2015-12-13T01:22:17.702Z"},{"sensorID":"ch4","value":324,"timestamp":"2015-12-13T01:22:17.747Z"},{"sensorID":"lpg","value":194,"timestamp":"2015-12-13T01:22:17.791Z"},{"sensorID":"co","value":278,"timestamp":"2015-12-13T01:22:17.839Z"},{"sensorID":"lux","value":115,"timestamp":"2015-12-13T01:22:17.885Z"},{"timestamp":"2015-12-13T01:22:27.389Z"},{"sensorID":"t","value":24.52,"timestamp":"2015-12-13T01:22:47.644Z"},{"sensorID":"h","value":41,"timestamp":"2015-12-13T01:22:47.687Z"},{"sensorID":"p","value":98641,"timestamp":"2015-12-13T01:22:47.731Z"},{"sensorID":"ch4","value":333,"timestamp":"2015-12-13T01:22:47.775Z"},{"sensorID":"lpg","value":196,"timestamp":"2015-12-13T01:22:47.820Z"},{"sensorID":"co","value":278,"timestamp":"2015-12-13T01:22:47.865Z"},{"sensorID":"lux","value":115,"timestamp":"2015-12-13T01:22:47.910Z"},{"sensorID":"t","value":24.64,"timestamp":"2015-12-13T01:23:17.688Z"},{"sensorID":"h","value":41,"timestamp":"2015-12-13T01:23:17.735Z"},{"sensorID":"p","value":98641,"timestamp":"2015-12-13T01:23:17.784Z"},{"sensorID":"ch4","value":330,"timestamp":"2015-12-13T01:23:17.839Z"},{"sensorID":"lpg","value":197,"timestamp":"2015-12-13T01:23:17.898Z"},{"sensorID":"co","value":280,"timestamp":"2015-12-13T01:23:17.944Z"},{"sensorID":"lux","value":115,"timestamp":"2015-12-13T01:23:17.989Z"},{"sensorID":"t","value":24.79,"timestamp":"2015-12-13T01:23:47.742Z"},{"sensorID":"h","value":41,"timestamp":"2015-12-13T01:23:47.790Z"},{"sensorID":"p","value":98636,"timestamp":"2015-12-13T01:23:47.837Z"},{"sensorID":"ch4","value":335,"timestamp":"2015-12-13T01:23:47.891Z"},{"sensorID":"lpg","value":202,"timestamp":"2015-12-13T01:23:47.938Z"},{"sensorID":"co","value":284,"timestamp":"2015-12-13T01:23:47.990Z"},{"sensorID":"lux","value":115,"timestamp":"2015-12-13T01:23:48.038Z"},{"sensorID":"t","value":24.92,"timestamp":"2015-12-13T01:24:17.780Z"},{"sensorID":"h","value":41,"timestamp":"2015-12-13T01:24:17.842Z"},{"sensorID":"p","value":98640,"timestamp":"2015-12-13T01:24:17.901Z"},{"sensorID":"ch4","value":338,"timestamp":"2015-12-13T01:24:17.959Z"},{"sensorID":"lpg","value":201,"timestamp":"2015-12-13T01:24:18.017Z"},{"sensorID":"co","value":282,"timestamp":"2015-12-13T01:24:18.067Z"},{"sensorID":"lux","value":115,"timestamp":"2015-12-13T01:24:18.113Z"},{"sensorID":"t","value":24.9,"timestamp":"2015-12-13T01:24:47.845Z"},{"sensorID":"h","value":41,"timestamp":"2015-12-13T01:24:47.894Z"},{"sensorID":"p","value":98637,"timestamp":"2015-12-13T01:24:47.945Z"},{"sensorID":"ch4","value":335,"timestamp":"2015-12-13T01:24:47.994Z"},{"sensorID":"lpg","value":201,"timestamp":"2015-12-13T01:24:48.055Z"},{"sensorID":"co","value":284,"timestamp":"2015-12-13T01:24:48.101Z"},{"sensorID":"lux","value":115,"timestamp":"2015-12-13T01:24:48.146Z"},{"sensorID":"t","value":12.9,"timestamp":"2015-12-13T01:24:52.189Z"},{"sensorID":"t","value":24.79,"timestamp":"2015-12-13T01:25:17.878Z"},{"sensorID":"h","value":41,"timestamp":"2015-12-13T01:25:17.926Z"},{"sensorID":"p","value":98632,"timestamp":"2015-12-13T01:25:17.988Z"},{"sensorID":"ch4","value":335,"timestamp":"2015-12-13T01:25:18.045Z"},{"sensorID":"lpg","value":201,"timestamp":"2015-12-13T01:25:18.100Z"},{"sensorID":"co","value":282,"timestamp":"2015-12-13T01:25:18.158Z"},{"sensorID":"lux","value":112,"timestamp":"2015-12-13T01:25:18.207Z"},{"sensorID":"t","value":24.93,"timestamp":"2015-12-13T01:25:47.950Z"},{"sensorID":"h","value":40,"timestamp":"2015-12-13T01:25:47.996Z"},{"sensorID":"p","value":98634,"timestamp":"2015-12-13T01:25:48.045Z"},{"sensorID":"ch4","value":353,"timestamp":"2015-12-13T01:25:48.095Z"},{"sensorID":"lpg","value":209,"timestamp":"2015-12-13T01:25:48.146Z"},{"sensorID":"co","value":288,"timestamp":"2015-12-13T01:25:48.194Z"},{"sensorID":"lux","value":112,"timestamp":"2015-12-13T01:25:48.239Z"},{"sensorID":"t","value":25.03,"timestamp":"2015-12-13T01:26:18.003Z"},{"sensorID":"h","value":41,"timestamp":"2015-12-13T01:26:18.051Z"},{"sensorID":"p","value":98639,"timestamp":"2015-12-13T01:26:18.096Z"},{"sensorID":"ch4","value":340,"timestamp":"2015-12-13T01:26:18.141Z"},{"sensorID":"lpg","value":204,"timestamp":"2015-12-13T01:26:18.188Z"},{"sensorID":"co","value":289,"timestamp":"2015-12-13T01:26:18.236Z"},{"sensorID":"lux","value":114,"timestamp":"2015-12-13T01:26:18.284Z"},{"sensorID":"t","value":25.14,"timestamp":"2015-12-13T01:26:48.038Z"},{"sensorID":"h","value":40,"timestamp":"2015-12-13T01:26:48.084Z"},{"sensorID":"p","value":98639,"timestamp":"2015-12-13T01:26:48.129Z"},{"sensorID":"ch4","value":336,"timestamp":"2015-12-13T01:26:48.175Z"},{"sensorID":"lpg","value":201,"timestamp":"2015-12-13T01:26:48.222Z"},{"sensorID":"co","value":286,"timestamp":"2015-12-13T01:26:48.270Z"},{"sensorID":"lux","value":115,"timestamp":"2015-12-13T01:26:48.326Z"},{"sensorID":"t","value":25.25,"timestamp":"2015-12-13T01:27:18.090Z"},{"sensorID":"h","value":40,"timestamp":"2015-12-13T01:27:18.136Z"},{"sensorID":"p","value":98627,"timestamp":"2015-12-13T01:27:18.182Z"},{"sensorID":"ch4","value":340,"timestamp":"2015-12-13T01:27:18.227Z"},{"sensorID":"lpg","value":214,"timestamp":"2015-12-13T01:27:18.270Z"},{"sensorID":"co","value":287,"timestamp":"2015-12-13T01:27:18.314Z"},{"sensorID":"lux","value":114,"timestamp":"2015-12-13T01:27:18.360Z"},{"sensorID":"t","value":25.39,"timestamp":"2015-12-13T01:27:48.137Z"},{"sensorID":"h","value":40,"timestamp":"2015-12-13T01:27:48.185Z"},{"sensorID":"p","value":98626,"timestamp":"2015-12-13T01:27:48.237Z"},{"sensorID":"ch4","value":336,"timestamp":"2015-12-13T01:27:48.284Z"},{"sensorID":"lpg","value":199,"timestamp":"2015-12-13T01:27:48.334Z"},{"sensorID":"co","value":285,"timestamp":"2015-12-13T01:27:48.383Z"},{"sensorID":"lux","value":116,"timestamp":"2015-12-13T01:27:48.432Z"},{"sensorID":"t","value":25.46,"timestamp":"2015-12-13T01:28:18.174Z"},{"sensorID":"h","value":40,"timestamp":"2015-12-13T01:28:18.223Z"},{"sensorID":"p","value":98629,"timestamp":"2015-12-13T01:28:18.272Z"},{"sensorID":"ch4","value":337,"timestamp":"2015-12-13T01:28:18.312Z"},{"sensorID":"lpg","value":199,"timestamp":"2015-12-13T01:28:18.351Z"},{"sensorID":"co","value":294,"timestamp":"2015-12-13T01:28:18.394Z"},{"sensorID":"lux","value":115,"timestamp":"2015-12-13T01:28:18.435Z"},{"sensorID":"t","value":25.44,"timestamp":"2015-12-13T01:28:48.239Z"},{"sensorID":"h","value":39,"timestamp":"2015-12-13T01:28:48.286Z"},{"sensorID":"p","value":98628,"timestamp":"2015-12-13T01:28:48.333Z"},{"sensorID":"ch4","value":357,"timestamp":"2015-12-13T01:28:48.377Z"},{"sensorID":"lpg","value":211,"timestamp":"2015-12-13T01:28:48.416Z"},{"sensorID":"co","value":318,"timestamp":"2015-12-13T01:28:48.457Z"},{"sensorID":"lux","value":115,"timestamp":"2015-12-13T01:28:48.506Z"},{"sensorID":"t","value":25.46,"timestamp":"2015-12-13T01:29:18.271Z"},{"sensorID":"h","value":39,"timestamp":"2015-12-13T01:29:18.317Z"},{"sensorID":"p","value":98629,"timestamp":"2015-12-13T01:29:18.366Z"},{"sensorID":"ch4","value":364,"timestamp":"2015-12-13T01:29:18.419Z"},{"sensorID":"lpg","value":206,"timestamp":"2015-12-13T01:29:18.467Z"},{"sensorID":"co","value":297,"timestamp":"2015-12-13T01:29:18.515Z"},{"sensorID":"lux","value":115,"timestamp":"2015-12-13T01:29:18.563Z"},{"sensorID":"t","value":25.48,"timestamp":"2015-12-13T01:29:48.323Z"},{"sensorID":"h","value":40,"timestamp":"2015-12-13T01:29:48.371Z"},{"sensorID":"p","value":98628,"timestamp":"2015-12-13T01:29:48.424Z"},{"sensorID":"ch4","value":358,"timestamp":"2015-12-13T01:29:48.473Z"},{"sensorID":"lpg","value":222,"timestamp":"2015-12-13T01:29:48.523Z"},{"sensorID":"co","value":326,"timestamp":"2015-12-13T01:29:48.570Z"},{"sensorID":"lux","value":114,"timestamp":"2015-12-13T01:29:48.619Z"},{"sensorID":"t","value":25.46,"timestamp":"2015-12-13T01:30:18.385Z"},{"sensorID":"h","value":39,"timestamp":"2015-12-13T01:30:18.466Z"},{"sensorID":"p","value":98635,"timestamp":"2015-12-13T01:30:18.542Z"},{"sensorID":"ch4","value":350,"timestamp":"2015-12-13T01:30:18.593Z"},{"sensorID":"lpg","value":203,"timestamp":"2015-12-13T01:30:18.645Z"},{"sensorID":"co","value":336,"timestamp":"2015-12-13T01:30:18.699Z"},{"sensorID":"lux","value":115,"timestamp":"2015-12-13T01:30:18.783Z"},{"sensorID":"t","value":25.34,"timestamp":"2015-12-13T01:30:48.436Z"},{"sensorID":"h","value":40,"timestamp":"2015-12-13T01:30:48.488Z"},{"sensorID":"p","value":98632,"timestamp":"2015-12-13T01:30:48.538Z"},{"sensorID":"ch4","value":334,"timestamp":"2015-12-13T01:30:48.590Z"},{"sensorID":"lpg","value":182,"timestamp":"2015-12-13T01:30:48.637Z"},{"sensorID":"co","value":340,"timestamp":"2015-12-13T01:30:48.691Z"},{"sensorID":"lux","value":115,"timestamp":"2015-12-13T01:30:48.738Z"},{"sensorID":"t","value":25.1,"timestamp":"2015-12-13T01:31:18.535Z"},{"sensorID":"h","value":40,"timestamp":"2015-12-13T01:31:18.582Z"},{"sensorID":"p","value":98633,"timestamp":"2015-12-13T01:31:18.628Z"},{"sensorID":"ch4","value":300,"timestamp":"2015-12-13T01:31:18.672Z"},{"sensorID":"lpg","value":165,"timestamp":"2015-12-13T01:31:18.713Z"},{"sensorID":"co","value":320,"timestamp":"2015-12-13T01:31:18.756Z"},{"sensorID":"lux","value":115,"timestamp":"2015-12-13T01:31:18.797Z"},{"sensorID":"t","value":24.91,"timestamp":"2015-12-13T01:31:48.548Z"},{"sensorID":"h","value":41,"timestamp":"2015-12-13T01:31:48.596Z"},{"sensorID":"p","value":98639,"timestamp":"2015-12-13T01:31:48.645Z"},{"sensorID":"ch4","value":311,"timestamp":"2015-12-13T01:31:48.692Z"},{"sensorID":"lpg","value":166,"timestamp":"2015-12-13T01:31:48.739Z"},{"sensorID":"co","value":312,"timestamp":"2015-12-13T01:31:48.786Z"},{"sensorID":"lux","value":114,"timestamp":"2015-12-13T01:31:48.832Z"},{"sensorID":"t","value":24.92,"timestamp":"2015-12-13T01:32:18.571Z"},{"sensorID":"h","value":41,"timestamp":"2015-12-13T01:32:18.620Z"},{"sensorID":"p","value":98638,"timestamp":"2015-12-13T01:32:18.669Z"},{"sensorID":"ch4","value":303,"timestamp":"2015-12-13T01:32:18.717Z"},{"sensorID":"lpg","value":160,"timestamp":"2015-12-13T01:32:18.767Z"},{"sensorID":"co","value":319,"timestamp":"2015-12-13T01:32:18.816Z"},{"sensorID":"lux","value":114,"timestamp":"2015-12-13T01:32:18.867Z"},{"sensorID":"t","value":24.82,"timestamp":"2015-12-13T01:32:48.615Z"},{"sensorID":"h","value":41,"timestamp":"2015-12-13T01:32:48.668Z"},{"sensorID":"p","value":98644,"timestamp":"2015-12-13T01:32:48.714Z"},{"sensorID":"ch4","value":294,"timestamp":"2015-12-13T01:32:48.763Z"},{"sensorID":"lpg","value":154,"timestamp":"2015-12-13T01:32:48.812Z"},{"sensorID":"co","value":319,"timestamp":"2015-12-13T01:32:48.857Z"},{"sensorID":"lux","value":114,"timestamp":"2015-12-13T01:32:48.903Z"},{"sensorID":"t","value":24.71,"timestamp":"2015-12-13T01:33:18.679Z"},{"sensorID":"h","value":41,"timestamp":"2015-12-13T01:33:18.730Z"},{"sensorID":"p","value":98630,"timestamp":"2015-12-13T01:33:18.778Z"},{"sensorID":"ch4","value":290,"timestamp":"2015-12-13T01:33:18.824Z"},{"sensorID":"lpg","value":146,"timestamp":"2015-12-13T01:33:18.875Z"},{"sensorID":"co","value":311,"timestamp":"2015-12-13T01:33:18.916Z"},{"sensorID":"lux","value":114,"timestamp":"2015-12-13T01:33:18.957Z"},{"sensorID":"t","value":24.66,"timestamp":"2015-12-13T01:33:48.718Z"},{"sensorID":"h","value":41,"timestamp":"2015-12-13T01:33:48.769Z"},{"sensorID":"p","value":98637,"timestamp":"2015-12-13T01:33:48.816Z"}]
